Applicant_ID,Number_of_Certificates,Qualifications,Skill_Level_in_Programming,Years_of_Work_Experience,Industry,Programming_Languages
1,6,Bachelor's,Advanced,15,Healthcare,C++
2,4,PhD,Beginner,19,Finance,Python
3,2,PhD,Beginner,11,IT,JavaScript
4,3,Master's,Intermediate,9,Engineering,C++
5,2,Bachelor's,Beginner,0,Engineering,C++
6,7,PhD,Beginner,2,IT,C++
7,3,Bachelor's,Advanced,7,IT,Java
8,9,PhD,Intermediate,3,Finance,Python
9,0,PhD,Advanced,18,Education,Python
10,6,Master's,Beginner,9,Engineering,C++
11,7,Bachelor's,Intermediate,14,Education,C++
12,9,Bachelor's,Advanced,4,Healthcare,Java
13,0,PhD,Beginner,4,Finance,Python
14,5,Master's,Beginner,18,Education,None
15,3,Master's,Advanced,11,Education,None
16,9,Bachelor's,Beginner,4,Healthcare,None
17,6,Bachelor's,Beginner,6,Finance,Python
18,2,PhD,Intermediate,18,Engineering,None
19,0,PhD,Advanced,7,Healthcare,Java
20,0,PhD,Intermediate,10,Education,C++
21,7,Master's,Advanced,9,IT,Java
22,2,Master's,Beginner,13,IT,Java
23,8,Master's,Beginner,4,IT,None
24,8,Bachelor's,Advanced,6,Education,Python
25,9,Master's,Advanced,10,Engineering,Java
26,5,Master's,Advanced,2,Healthcare,C++
27,6,Master's,Advanced,7,Engineering,None
28,2,Master's,Intermediate,5,Engineering,Java
29,3,PhD,Beginner,10,Engineering,JavaScript
30,9,Bachelor's,Intermediate,15,Finance,None
31,3,Master's,Advanced,16,Finance,None
32,0,Master's,Beginner,4,Education,JavaScript
33,1,PhD,Intermediate,17,Healthcare,Python
34,0,PhD,Beginner,7,Education,None
35,4,Master's,Beginner,15,Healthcare,Python
36,5,Master's,Beginner,16,IT,C++
37,3,Bachelor's,Beginner,4,Engineering,Python
38,5,Master's,Advanced,1,Education,None
39,0,PhD,Advanced,3,Education,JavaScript
40,8,PhD,Advanced,16,IT,Python
41,5,PhD,Intermediate,18,Finance,Java
42,5,Bachelor's,Advanced,2,Engineering,None
43,5,Bachelor's,Advanced,6,Engineering,None
44,2,Master's,Advanced,1,Finance,JavaScript
45,7,Bachelor's,Advanced,7,Education,JavaScript
46,7,PhD,Beginner,16,Engineering,C++
47,5,PhD,Beginner,4,IT,JavaScript
48,7,Bachelor's,Advanced,14,Finance,C++
49,9,PhD,Beginner,1,IT,Java
50,8,Master's,Intermediate,13,Education,JavaScript
51,6,Bachelor's,Beginner,2,Finance,C++
52,1,Bachelor's,Advanced,19,Finance,JavaScript
53,5,PhD,Intermediate,16,Education,Python
54,3,Bachelor's,Intermediate,15,Finance,C++
55,2,PhD,Intermediate,2,IT,None
56,8,PhD,Intermediate,7,Healthcare,C++
57,6,Master's,Advanced,18,Engineering,JavaScript
58,3,Bachelor's,Beginner,7,Engineering,Java
59,2,Bachelor's,Intermediate,13,Healthcare,Python
60,6,Master's,Advanced,14,Engineering,JavaScript
61,9,Master's,Advanced,3,Education,None
62,2,Bachelor's,Intermediate,2,Education,Python
63,0,PhD,Beginner,7,Finance,None
64,3,PhD,Intermediate,4,Healthcare,None
65,0,Bachelor's,Advanced,0,Engineering,Java
66,9,Bachelor's,Advanced,0,Education,JavaScript
67,3,Master's,Beginner,13,Healthcare,Java
68,5,Master's,Beginner,15,IT,Java
69,0,Master's,Advanced,19,Engineering,Python
70,3,Bachelor's,Intermediate,8,Engineering,JavaScript
71,1,Master's,Advanced,11,Engineering,C++
72,4,Master's,Intermediate,6,Finance,JavaScript
73,6,Bachelor's,Intermediate,7,Engineering,Java
74,7,Master's,Advanced,4,Education,JavaScript
75,8,Master's,Intermediate,8,IT,JavaScript
76,6,Bachelor's,Beginner,15,IT,Java
77,9,Master's,Advanced,16,IT,None
78,9,Bachelor's,Advanced,4,Education,JavaScript
79,8,PhD,Advanced,2,Education,Python
80,0,PhD,Beginner,10,Finance,JavaScript
81,2,Master's,Beginner,10,Engineering,JavaScript
82,2,PhD,Advanced,15,Healthcare,JavaScript
83,3,Bachelor's,Advanced,18,Education,None
84,2,PhD,Beginner,2,Healthcare,JavaScript
85,8,Bachelor's,Beginner,15,Engineering,C++
86,2,Master's,Beginner,9,IT,C++
87,1,Bachelor's,Advanced,0,Engineering,Java
88,5,Bachelor's,Intermediate,19,IT,None
89,9,PhD,Intermediate,14,Education,Java
90,6,Bachelor's,Beginner,17,Education,Java
91,6,Master's,Advanced,18,Finance,Python
92,7,PhD,Beginner,1,Finance,C++
93,9,Bachelor's,Intermediate,3,Finance,C++
94,4,Bachelor's,Beginner,4,Education,Python
95,3,Bachelor's,Intermediate,5,IT,JavaScript
96,8,PhD,Intermediate,17,Education,C++
97,7,PhD,Intermediate,15,Engineering,JavaScript
98,8,PhD,Intermediate,7,IT,Java
99,9,Bachelor's,Intermediate,7,Engineering,Python
100,9,Bachelor's,Advanced,14,IT,JavaScript
101,4,PhD,Intermediate,13,Healthcare,C++
102,6,Bachelor's,Intermediate,0,Education,JavaScript
103,4,Master's,Beginner,6,Finance,Java
104,5,PhD,Intermediate,8,Healthcare,Python
105,4,PhD,Beginner,14,Education,Java
106,7,Master's,Advanced,3,IT,C++
107,9,Bachelor's,Beginner,8,Healthcare,None
108,1,PhD,Intermediate,13,Finance,Python
109,8,Master's,Intermediate,8,Healthcare,None
110,8,PhD,Beginner,7,Finance,Python
111,4,Master's,Intermediate,2,Engineering,Java
112,0,PhD,Advanced,1,Finance,C++
113,3,Bachelor's,Beginner,12,IT,Python
114,1,Master's,Advanced,11,Engineering,C++
115,7,Master's,Intermediate,16,Education,C++
116,5,Master's,Beginner,12,Education,None
117,6,Master's,Advanced,15,Finance,JavaScript
118,8,Bachelor's,Beginner,8,IT,JavaScript
119,2,Bachelor's,Advanced,11,Engineering,Java
120,6,PhD,Beginner,0,Education,JavaScript
121,0,PhD,Intermediate,13,Healthcare,C++
122,6,Bachelor's,Advanced,9,IT,Python
123,8,Bachelor's,Intermediate,11,Finance,Java
124,7,PhD,Intermediate,2,Healthcare,Java
125,0,PhD,Beginner,12,Finance,None
126,5,PhD,Advanced,8,Education,C++
127,2,Master's,Beginner,16,Education,None
128,8,Master's,Advanced,11,Engineering,JavaScript
129,6,Bachelor's,Intermediate,16,Engineering,Java
130,4,PhD,Advanced,15,Finance,JavaScript
131,5,PhD,Advanced,13,Education,C++
132,4,PhD,Beginner,10,Healthcare,Python
133,7,PhD,Beginner,13,Finance,Python
134,9,PhD,Intermediate,4,IT,None
135,0,PhD,Beginner,10,Healthcare,Python
136,8,Bachelor's,Advanced,3,Education,JavaScript
137,4,Bachelor's,Advanced,10,Healthcare,C++
138,5,PhD,Beginner,18,IT,Java
139,3,PhD,Beginner,18,Engineering,JavaScript
140,9,Bachelor's,Intermediate,0,Finance,None
141,6,Master's,Beginner,7,Education,Python
142,4,Master's,Advanced,7,Healthcare,Java
143,0,Master's,Intermediate,1,Healthcare,Python
144,8,Master's,Beginner,1,Healthcare,Java
145,9,PhD,Intermediate,1,Healthcare,Python
146,1,PhD,Intermediate,15,Healthcare,Java
147,7,Master's,Beginner,12,Education,Python
148,5,PhD,Advanced,4,Education,C++
149,9,Bachelor's,Intermediate,19,Engineering,C++
150,1,PhD,Advanced,12,Healthcare,Python
151,8,Master's,Intermediate,11,IT,None
152,9,Master's,Advanced,4,Finance,None
153,9,Bachelor's,Beginner,4,IT,C++
154,9,Bachelor's,Beginner,2,IT,C++
155,5,Bachelor's,Advanced,13,Healthcare,C++
156,2,Master's,Intermediate,5,Finance,Python
157,4,Master's,Advanced,10,IT,Python
158,3,PhD,Advanced,4,IT,Python
159,6,PhD,Beginner,14,Healthcare,Python
160,2,Master's,Advanced,19,Education,None
161,9,Master's,Beginner,12,IT,Java
162,2,PhD,Beginner,2,Finance,C++
163,9,PhD,Intermediate,2,Healthcare,Python
164,8,Master's,Advanced,10,Engineering,C++
165,9,Bachelor's,Intermediate,3,Healthcare,Java
166,2,Bachelor's,Intermediate,5,Education,Java
167,9,Bachelor's,Intermediate,17,Education,Java
168,5,Master's,Beginner,18,Education,C++
169,2,Master's,Beginner,8,Engineering,C++
170,2,Bachelor's,Beginner,1,Finance,C++
171,6,Master's,Beginner,6,Finance,C++
172,4,PhD,Beginner,11,IT,Python
173,8,Master's,Advanced,1,Education,Python
174,6,Bachelor's,Intermediate,12,Finance,JavaScript
175,9,Master's,Intermediate,6,IT,C++
176,0,PhD,Advanced,6,Engineering,C++
177,2,PhD,Advanced,14,Engineering,JavaScript
178,4,Master's,Beginner,15,Finance,JavaScript
179,9,Master's,Advanced,5,Finance,C++
180,0,Master's,Beginner,6,IT,None
181,8,Master's,Advanced,6,IT,Python
182,9,Master's,Intermediate,3,Engineering,None
183,7,Master's,Beginner,1,Education,Python
184,7,PhD,Beginner,1,Healthcare,C++
185,6,Bachelor's,Intermediate,4,Education,C++
186,8,PhD,Beginner,19,Education,JavaScript
187,1,Master's,Beginner,6,Healthcare,Python
188,4,Master's,Advanced,18,Engineering,None
189,2,Master's,Beginner,10,Engineering,JavaScript
190,4,PhD,Beginner,14,Education,C++
191,4,Bachelor's,Intermediate,16,Education,Python
192,5,PhD,Intermediate,13,Engineering,Python
193,2,PhD,Beginner,11,Engineering,Python
194,2,PhD,Intermediate,9,Healthcare,C++
195,4,Master's,Intermediate,2,Finance,C++
196,1,PhD,Intermediate,14,Education,JavaScript
197,9,Bachelor's,Advanced,4,Finance,JavaScript
198,3,PhD,Beginner,12,Healthcare,C++
199,6,Bachelor's,Beginner,15,Education,None
200,3,Master's,Advanced,16,Healthcare,Java
