Job_ID,Industry,Required_Qualification,Required_Skill_Level,Years_of_Experience_Needed,Programming_Languages_Needed,Location
1,IT,PhD,Beginner,9,Java,Hybrid
2,Finance,Bachelor's,Beginner,8,Java,On-site
3,IT,PhD,Intermediate,12,JavaScript,Remote
4,Education,Master's,Intermediate,13,Python,On-site
5,IT,Master's,Beginner,5,C++,On-site
6,Healthcare,PhD,Intermediate,10,C++,Remote
7,Finance,PhD,Advanced,9,Java,On-site
8,Finance,Master's,Advanced,11,Java,Hybrid
9,Education,Master's,Beginner,11,None,Remote
10,Engineering,Master's,Beginner,12,JavaScript,Hybrid
11,Healthcare,Bachelor's,Intermediate,9,C++,Remote
12,Finance,PhD,Advanced,9,C++,Hybrid
13,Finance,Master's,Beginner,6,C++,Remote
14,Engineering,Bachelor's,Beginner,13,Python,Hybrid
15,Education,Master's,Advanced,9,Java,Hybrid
16,Education,Bachelor's,Beginner,6,Python,Hybrid
17,Healthcare,PhD,Advanced,12,Java,Remote
18,Finance,Bachelor's,Beginner,5,Java,Remote
19,IT,PhD,Beginner,13,C++,Hybrid
20,Healthcare,Master's,Intermediate,12,JavaScript,Remote
21,Engineering,PhD,Beginner,12,None,Remote
22,Engineering,Bachelor's,Intermediate,8,JavaScript,Remote
23,Education,Master's,Intermediate,4,Java,Hybrid
24,Education,PhD,Beginner,11,None,On-site
25,IT,Bachelor's,Intermediate,14,Python,Remote
26,Finance,Bachelor's,Intermediate,10,None,Hybrid
27,Education,PhD,Advanced,1,Java,On-site
28,Engineering,Bachelor's,Beginner,2,C++,Remote
29,IT,Master's,Advanced,7,Python,On-site
30,IT,Master's,Advanced,13,Python,On-site
31,Healthcare,Bachelor's,Advanced,5,None,Remote
32,IT,PhD,Intermediate,11,JavaScript,Remote
33,Engineering,Master's,Advanced,4,Java,Hybrid
34,Healthcare,Master's,Advanced,5,None,On-site
35,Education,Bachelor's,Beginner,14,Python,On-site
36,Engineering,Master's,Intermediate,8,C++,Remote
37,IT,PhD,Beginner,7,None,On-site
38,Finance,Bachelor's,Advanced,9,C++,Remote
39,Healthcare,PhD,Advanced,7,Python,On-site
40,Engineering,Master's,Beginner,2,JavaScript,Remote
41,Education,Bachelor's,Intermediate,5,C++,Remote
42,Education,Bachelor's,Beginner,3,Java,Hybrid
43,IT,PhD,Intermediate,8,JavaScript,Hybrid
44,Engineering,PhD,Advanced,1,JavaScript,Hybrid
45,Finance,Bachelor's,Beginner,13,Java,On-site
46,Education,PhD,Intermediate,13,Python,On-site
47,Engineering,Bachelor's,Advanced,13,None,Remote
48,Healthcare,PhD,Intermediate,4,None,Hybrid
49,Education,Bachelor's,Advanced,10,None,On-site
50,Education,Master's,Beginner,4,JavaScript,Remote
51,IT,PhD,Intermediate,6,Python,Remote
52,Finance,PhD,Intermediate,4,Java,Hybrid
53,Finance,Master's,Intermediate,11,C++,Hybrid
54,Education,Bachelor's,Advanced,3,Python,Hybrid
55,IT,Bachelor's,Advanced,1,Java,On-site
56,Education,PhD,Intermediate,3,Java,On-site
57,Finance,Master's,Advanced,4,JavaScript,Remote
58,Finance,Bachelor's,Beginner,8,Java,Remote
59,Education,Bachelor's,Intermediate,14,Python,On-site
60,Engineering,Bachelor's,Beginner,1,None,Remote
61,Finance,PhD,Advanced,10,Python,On-site
62,Engineering,PhD,Intermediate,12,JavaScript,Hybrid
63,IT,Master's,Advanced,13,None,On-site
64,IT,PhD,Beginner,3,None,On-site
65,Finance,Master's,Advanced,12,Python,Remote
66,Education,PhD,Intermediate,8,None,Remote
67,Engineering,Master's,Advanced,0,Python,Hybrid
68,Finance,Master's,Beginner,11,JavaScript,On-site
69,Engineering,Bachelor's,Beginner,3,None,On-site
70,Finance,Bachelor's,Advanced,11,JavaScript,On-site
71,Finance,Master's,Beginner,2,C++,Hybrid
72,Healthcare,Bachelor's,Intermediate,0,Python,Hybrid
73,Finance,Master's,Beginner,5,JavaScript,Remote
74,Engineering,Bachelor's,Advanced,9,C++,Hybrid
75,IT,Master's,Beginner,5,Python,Remote
76,IT,PhD,Advanced,8,JavaScript,Hybrid
77,Finance,Bachelor's,Intermediate,1,Java,On-site
78,Engineering,Bachelor's,Intermediate,6,C++,Hybrid
79,Engineering,Master's,Advanced,1,None,Hybrid
80,Engineering,PhD,Intermediate,5,C++,Remote
81,Education,Bachelor's,Advanced,6,Python,Hybrid
82,Engineering,PhD,Advanced,9,Python,Remote
83,Engineering,Master's,Advanced,3,Java,Hybrid
84,Engineering,Bachelor's,Beginner,3,Python,Hybrid
85,IT,Bachelor's,Advanced,6,Python,On-site
86,Healthcare,PhD,Advanced,12,Python,Remote
87,Education,Master's,Intermediate,5,C++,Remote
88,Engineering,PhD,Advanced,13,Java,On-site
89,Finance,Master's,Intermediate,6,Java,On-site
90,IT,Master's,Intermediate,4,Java,On-site
91,Education,Master's,Intermediate,0,None,Hybrid
92,Education,Master's,Beginner,6,C++,On-site
93,Healthcare,PhD,Intermediate,9,None,Remote
94,Healthcare,Master's,Beginner,14,C++,Remote
95,Engineering,Master's,Beginner,3,Python,Remote
96,Engineering,Master's,Intermediate,9,C++,Remote
97,Engineering,PhD,Advanced,12,JavaScript,Hybrid
98,Engineering,Master's,Advanced,13,C++,Hybrid
99,Education,Bachelor's,Advanced,5,JavaScript,On-site
100,Healthcare,Bachelor's,Intermediate,3,Java,Hybrid
